<?xml version="1.0" encoding="UTF-8" ?>
<PokerTH>
  <TableStyle>
     <StyleDescription value="PokerTH default table style" /><!-- This string will be shown in settings/game table style list -->
     <StyleMaintainerName value="PokerTH Development Team" /> <!-- This string should contain the name of the style maintainer and will be shown in style information -->
     <StyleMaintainerEMail value="webmaster@pokerth.net" /> <!-- This string should contain the email address of the style maintainer and will be shown in style information and also in error message if there is a problem with the style. If you dont like to post your mail address here please write value="NULL". -->
     <StyleCreateDate value="31.01.2011" /> <!-- This string should contain the create date or last date of modification and will be shown in style information-->
     <PokerTHStyleFileVersion value="3" /> <!-- This number matches the current PokerTH internal version that is supported, you should not change it unless PokerTH tells you to update the style -->
     <Preview value="preview.png" /> <!-- This preview picture will be shown in settings/game table style if this style is selected. The value should contain a filename of the preview picture which have to be stored in the same folder as this xml file. -->
     
      <!-- Windows Settings --> 
     <IfFixedWindowSize value="0" /><!-- value [1,0] 1 = fixed window size, 0 = resizeable window -->
     <FixedWindowWidth value="1024" /> <!-- value [min 1024] This will set the fixed window width if IfFixedWindowsSize=1 -->
     <FixedWindowHeight value="600" />  <!-- value [min 600] This will set the fixed window height if IfFixedWindowsSize=1 -->
     <MinimumWindowWidth value="1024" /> <!-- value [min 1024] This will set the minimum window width if IfFixedWindowsSize=0 -->
     <MinimumWindowHeight value="600" /> <!-- value [min 600] This will set the minimum window height if IfFixedWindowsSize=0 -->
     <MaximumWindowWidth value="1980" /> <!-- value [min 1024] This will set the maximum window width if IfFixedWindowsSize=0 -->
     <MaximumWindowHeight value="1200" /> <!-- value [min 600] This will set the maximum window height if IfFixedWindowsSize=0 -->
     
     <!-- Table Pictures - values should contain filenames of pictures which have to be stored in the same folder as this xml file. if you wanna have an item to be not shown please write "NULL" instead of the picture file name -->
     <BigBlindPuck value="bigblindPuck.png" /> <!-- optimal size width:height in px [40:42] -->
     <SmallBlindPuck value="smallblindPuck.png" />  <!-- optimal size width:height in px [40:42] -->
     <DealerPuck value="dealerPuck.png" />  <!-- optimal size width:height in px [40:42] -->
     <DefaultAvatar value="genereticAvatar.png" />  <!-- optimal size width:height in px [50:50] -->
     <CardHolderFlop value="cardholder_flop.png" /> <!-- optimal size width:height in px [54:82] -->
     <CardHolderTurn value="cardholder_turn.png" /> <!-- optimal size width:height in px [54:82] -->
     <CardHolderRiver value="cardholder_river.png" /> <!-- optimal size width:height in px [54:82] -->
     <FoldButtonDefault value="playeraction_red.png" /> <!-- optimal size width:height in px [168:43] -->
     <FoldButtonHover value="playeraction_red_hover.png" /> <!-- optimal size width:height in px [168:43] -->
     <FoldButtonChecked value="playeraction_red_checked.png" /> <!-- optimal size width:height in px [168:43] -->
     <FoldButtonCheckedHover value="playeraction_red_checked_hover.png" /> <!-- optimal size width:height in px [168:43] -->
     <CheckCallButtonDefault value="playeraction_blue.png" /> <!-- optimal size width:height in px [168:43] -->
     <CheckCallButtonHover value="playeraction_blue_hover.png" /> <!-- optimal size width:height in px [168:43] -->
     <CheckCallButtonChecked value="playeraction_blue_checked.png" /> <!-- optimal size width:height in px [168:43] -->
     <CheckCallButtonCheckedHover value="playeraction_blue_checked_hover.png" /> <!-- optimal size width:height in px [168:43] -->
     <BetRaiseButtonDefault value="playeraction_green.png" /> <!-- optimal size width:height in px [168:43] -->
     <BetRaiseButtonHover value="playeraction_green_hover.png" /> <!-- optimal size width:height in px [168:43] -->
     <BetRaiseButtonChecked value="playeraction_green_checked.png" /> <!-- optimal size width:height in px [168:43] -->
     <BetRaiseButtonCheckedHover value="playeraction_green_checked_hover.png" /> <!-- optimal size width:height in px [168:43] -->
     <AllInButtonDefault value="playeraction_orange.png" /> <!-- optimal size width:height in px [95:25] -->
     <AllInButtonHover value="playeraction_orange_hover.png" /> <!-- optimal size width:height in px [95:25] -->
     <AllInButtonChecked value="playeraction_orange_checked.png" /> <!-- optimal size width:height in px [95:25] -->
     <AllInButtonCheckedHover value="playeraction_orange_checked_hover.png" /> <!-- optimal size width:height in px [95:25] -->
     <RadioButtonPressed value="radiobutton_pressed.png" /> <!-- optimal size width:height in px [13:13] -->
     <RadioButtonChecked value="radiobutton_checked.png" /> <!-- optimal size width:height in px [13:13] -->
     <RadioButtonCheckedHover value="radiobutton_checked_hover.png" /> <!-- optimal size width:height in px [13:13] -->
     <RadioButtonUnchecked value="radiobutton_unchecked.png" /> <!-- optimal size width:height in px [13:13] -->
     <RadioButtonUncheckedHover value="radiobutton_unchecked_hover.png" /> <!-- optimal size width:height in px [13:13] -->
     <PlayerTopSeatInactive value="playerSeatInactive.png" />  <!-- optimal size width:height in px [190:142] -->
     <PlayerTopSeatActive value="playerSeatActive.png" />  <!-- optimal size width:height in px [190:142] -->
     <PlayerBottomSeatInactive value="playerSeatInactive.png" />  <!-- optimal size width:height in px [190:142] -->
     <PlayerBottomSeatActive value="playerSeatActive.png" />  <!-- optimal size width:height in px [190:142] -->
     <Table value="table.png" /> <!-- minimal size width:height in px [1024:600] -->
     <ToolBoxBackground value="toolboxbg.png" />  <!-- minimal size width:height in px [260:188] -->
     <HandRanking value="handranking.png" />  <!-- minimal size width:height in px [240:153] -->
     <ShowMyCardsButtonDefault value="playeraction_purple.png" /> <!-- optimal size width:height in px [100:25] -->
     <ShowMyCardsButtonHover value="playeraction_purple_hover.png" /> <!-- optimal size width:height in px [100:25] -->
     
     <!-- Action*I18NPic: If you wanna set action pics with specific language strings you can set them here. If you wanna use the default english strings just write "NULL" instead of picture files names. PokerTH will automatically display the english ones. -->
     <ActionAllInI18NPic value="NULL" /> <!-- optimal size width:height in px [100:40] -->
     <ActionRaiseI18NPic value="NULL" /> <!-- optimal size width:height in px [100:40] -->
     <ActionBetI18NPic value="NULL" /> <!-- optimal size width:height in px [100:40] -->
     <ActionCallI18NPic value="NULL" /> <!-- optimal size width:height in px [100:40] -->
     <ActionCheckI18NPic value="NULL" /> <!-- optimal size width:height in px [100:40] -->
     <ActionFoldI18NPic value="NULL" /> <!-- optimal size width:height in px [100:40] -->
     <ActionWinnerI18NPic value="NULL" /> <!-- optimal size width:height in px [100:40] -->
     
     <!-- I18NString: If you wanna set specific language strings for poker actions like call, check, raise etc. which will be shown on human players buttons for this style, and some other game strings you can define them here, If you wanna use the default english strings just write value="NULL". PokerTH will automatically display the english ones. -->
     <ActionAllInI18NString value="NULL" />
     <ActionRaiseI18NString value="NULL" />
     <ActionBetI18NString value="NULL" />
     <ActionCallI18NString value="NULL" />
     <ActionCheckI18NString value="NULL" />
     <ActionFoldI18NString value="NULL" />
     <PotI18NString value="NULL" />
     <TotalI18NString value="NULL" />
     <BetsI18NString value="NULL" />
     <GameI18NString value="NULL" />
     <HandI18NString value="NULL" />
     <PreflopI18NString value="NULL" />
     <FlopI18NString value="NULL" />
     <TurnI18NString value="NULL" />
     <RiverI18NString value="NULL" />
     
      <!-- Table Colors - values should be set in hexcode RGB style without "#" -->
     <FKeyIndicatorColor value="FFFFFF" />
     <ChanceLabelPossibleColor value="9CD500" />
     <ChanceLabelImpossibleColor value="55632F" />
     <ChatTextNickNotifyColor value="FFFF00" />
     <ChatLogTextColor value="F0F0F0" />
     <ChatLogBgColor value="1D3B00" />
     <ChatLogScrollBarBorderColor value="104600" />
     <ChatLogScrollBarBgColor value="135000" />
     <ChatLogScrollBarHandleBorderColor value="1B7200" />
     <ChatLogScrollBarHandleBgColor value="176400" />
     <ChatLogScrollBarArrowBorderColor value="208A00" />
     <ChatLogScrollBarArrowBgColor value="27A800" />
     <LogWinnerMainPotColor value="FFFF00" />
     <LogWinnerSidePotColor value="FFFFCC" />
     <LogPlayerSitsOutColor value="FF6633" />
     <LogNewGameAdminColor value="69FF33" />
     <TabWidgetBorderColor value="286400" />
     <TabWidgetBgColor value="145300" />
     <TabWidgetTextColor value="99D500" />
     <MenuBgColor value="145300" />
     <MenuTextColor value="99D500" />
     <BreakLobbyButtonBgColor value="145300" />
     <BreakLobbyButtonTextColor value="99D500" />
     <BreakLobbyButtonBgDisabledColor value="145300" />
     <BreakLobbyButtonTextDisabledColor value="486F3E" />
     <BreakLobbyButtonBgBlinkColor value="6E9E00" />
     <BreakLobbyButtonTextBlinkColor value="000000" />
     <PlayerCashTextColor value="FFFF00" />
     <PlayerBetTextColor value="FFFF00" />
     <PlayerNickTextColor value="F0F0F0" />
     <BoardBigTextColor value="669900" />
     <BoardSmallTextColor value="669900" />
     <SpeedTextColor value="99D500" />
     <VoteButtonBgColor value="1C7000" />
     <VoteButtonTextColor value="99D500" />
     <BetInputTextColor value="F0F0F0" />
     <BetInputBgColor value="1D3B00" />
     <BetInputDisabledTextColor value="6d7b5f" />
     <BetInputDisabledBgColor value="316300" />
     <FoldButtonTextColor value="F0F0F0" />
     <FoldButtonCheckableTextColor value="FF8787" />
     <CheckCallButtonTextColor value="F0F0F0" />
     <CheckCallButtonCheckableTextColor value="87CDFF" />
     <BetRaiseButtonTextColor value="F0F0F0" />
     <BetRaiseButtonCheckableTextColor value="87FF97" />
     <AllInButtonTextColor value="F0F0F0" />
     <AllInButtonCheckableTextColor value="FFE187" />
     <BetSpeedSliderGrooveBgColor value="145300" />
     <BetSpeedSliderGrooveBorderColor value="286400" />
     <BetSpeedSliderHandleBgColor value="99D500" />
     <BetSpeedSliderHandleBorderColor value="286400" />
     <ShowMyCardsButtonTextColor value="F0F0F0" />
     <RatingStarsColor value="FFD700" />
     <PlayerInfoHintTextColor value="FFFF00" />

      <!-- Table Font Sizes - values should be set in px -->
     <ChatLogTextSize value="11" />
  </TableStyle>
</PokerTH>
